stamp_sec,source,seq_num,waypoint_idx,x,y,theta,image_path,curr_image_path,goal
1786396180.133621,sys1,76,0,0.075781,-0.004712,-0.022945,data/images_20260811_070918/seq_76.jpg,data/images_20260811_070918/seq_82.jpg,Move toward the grey cabinet along the chair
1786396180.133621,sys1,76,1,0.151563,-0.008545,-0.022579,data/images_20260811_070918/seq_76.jpg,data/images_20260811_070918/seq_82.jpg,Move toward the grey cabinet along the chair
1786396180.133621,sys1,76,2,0.228125,-0.007471,-0.021725,data/images_20260811_070918/seq_76.jpg,data/images_20260811_070918/seq_82.jpg,Move toward the grey cabinet along the chair
1786396180.133621,sys1,76,3,0.300000,-0.006299,-0.024653,data/images_20260811_070918/seq_76.jpg,data/images_20260811_070918/seq_82.jpg,Move toward the grey cabinet along the chair
1786396180.133621,sys1,76,4,0.365625,-0.004541,-0.001099,data/images_20260811_070918/seq_76.jpg,data/images_20260811_070918/seq_82.jpg,Move toward the grey cabinet along the chair
1786396180.133621,sys1,76,5,0.431250,-0.006738,0.020383,data/images_20260811_070918/seq_76.jpg,data/images_20260811_070918/seq_82.jpg,Move toward the grey cabinet along the chair
1786396180.133621,sys1,76,6,0.493750,-0.010400,0.007934,data/images_20260811_070918/seq_76.jpg,data/images_20260811_070918/seq_82.jpg,Move toward the grey cabinet along the chair
1786396180.133621,sys1,76,7,0.559375,-0.014746,-0.004211,data/images_20260811_070918/seq_76.jpg,data/images_20260811_070918/seq_82.jpg,Move toward the grey cabinet along the chair
1786396180.133621,sys2,81,0,0.226562,0.074609,0.094545,data/images_20260811_070918/seq_81.jpg,data/images_20260811_070918/seq_81.jpg,Move toward the grey cabinet along the chair
1786396180.133621,sys2,81,1,0.279688,0.015332,-0.078700,data/images_20260811_070918/seq_81.jpg,data/images_20260811_070918/seq_81.jpg,Move toward the grey cabinet along the chair
1786396180.133621,sys2,81,2,0.315625,-0.006934,-0.081714,data/images_20260811_070918/seq_81.jpg,data/images_20260811_070918/seq_81.jpg,Move toward the grey cabinet along the chair
1786396180.133621,sys2,81,3,0.351562,0.096094,0.061266,data/images_20260811_070918/seq_81.jpg,data/images_20260811_070918/seq_81.jpg,Move toward the grey cabinet along the chair
1786396180.133621,sys2,81,4,0.540625,-0.033008,-0.536511,data/images_20260811_070918/seq_81.jpg,data/images_20260811_070918/seq_81.jpg,Move toward the grey cabinet along the chair
1786396180.133621,sys2,81,5,0.800000,-0.076563,-1.155628,data/images_20260811_070918/seq_81.jpg,data/images_20260811_070918/seq_81.jpg,Move toward the grey cabinet along the chair
1786396180.133621,sys2,81,6,0.887500,-0.063281,-1.155596,data/images_20260811_070918/seq_81.jpg,data/images_20260811_070918/seq_81.jpg,Move toward the grey cabinet along the chair
1786396180.133621,sys2,81,7,0.665625,0.001575,-0.077558,data/images_20260811_070918/seq_81.jpg,data/images_20260811_070918/seq_81.jpg,Move toward the grey cabinet along the chair
1786396181.133639,sys1,84,0,0.075781,-0.004834,-0.006439,data/images_20260811_070918/seq_84.jpg,data/images_20260811_070918/seq_84.jpg,Move toward the grey cabinet along the chair
1786396181.133639,sys1,84,1,0.150781,-0.007715,-0.003662,data/images_20260811_070918/seq_84.jpg,data/images_20260811_070918/seq_84.jpg,Move toward the grey cabinet along the chair
1786396181.133639,sys1,84,2,0.226562,-0.005029,0.000641,data/images_20260811_070918/seq_84.jpg,data/images_20260811_070918/seq_84.jpg,Move toward the grey cabinet along the chair
1786396181.133639,sys1,84,3,0.296875,-0.002917,0.000191,data/images_20260811_070918/seq_84.jpg,data/images_20260811_070918/seq_84.jpg,Move toward the grey cabinet along the chair
1786396181.133639,sys1,84,4,0.362500,0.000879,0.031240,data/images_20260811_070918/seq_84.jpg,data/images_20260811_070918/seq_84.jpg,Move toward the grey cabinet along the chair
1786396181.133639,sys1,84,5,0.428125,0.001367,0.070471,data/images_20260811_070918/seq_84.jpg,data/images_20260811_070918/seq_84.jpg,Move toward the grey cabinet along the chair
1786396181.133639,sys1,84,6,0.490625,0.001074,0.075347,data/images_20260811_070918/seq_84.jpg,data/images_20260811_070918/seq_84.jpg,Move toward the grey cabinet along the chair
1786396181.133639,sys1,84,7,0.553125,0.001318,0.064616,data/images_20260811_070918/seq_84.jpg,data/images_20260811_070918/seq_84.jpg,Move toward the grey cabinet along the chair
1786396181.133639,sys2,84,0,0.257812,0.108594,0.102291,data/images_20260811_070918/seq_84.jpg,data/images_20260811_070918/seq_84.jpg,Move toward the grey cabinet along the chair
1786396181.133639,sys2,84,1,0.268750,-0.009619,-0.094415,data/images_20260811_070918/seq_84.jpg,data/images_20260811_070918/seq_84.jpg,Move toward the grey cabinet along the chair
1786396181.133639,sys2,84,2,0.314063,-0.018750,-0.105139,data/images_20260811_070918/seq_84.jpg,data/images_20260811_070918/seq_84.jpg,Move toward the grey cabinet along the chair
1786396181.133639,sys2,84,3,0.343750,0.068750,0.058352,data/images_20260811_070918/seq_84.jpg,data/images_20260811_070918/seq_84.jpg,Move toward the grey cabinet along the chair
1786396181.133639,sys2,84,4,0.528125,0.028320,-0.702257,data/images_20260811_070918/seq_84.jpg,data/images_20260811_070918/seq_84.jpg,Move toward the grey cabinet along the chair
1786396181.133639,sys2,84,5,0.812500,-0.055469,-1.254483,data/images_20260811_070918/seq_84.jpg,data/images_20260811_070918/seq_84.jpg,Move toward the grey cabinet along the chair
1786396181.133639,sys2,84,6,0.887500,-0.055469,-1.010060,data/images_20260811_070918/seq_84.jpg,data/images_20260811_070918/seq_84.jpg,Move toward the grey cabinet along the chair
1786396181.133639,sys2,84,7,0.671875,0.012598,-0.047121,data/images_20260811_070918/seq_84.jpg,data/images_20260811_070918/seq_84.jpg,Move toward the grey cabinet along the chair
1786396182.133636,sys1,89,0,0.080859,-0.002454,-0.017454,data/images_20260811_070918/seq_89.jpg,data/images_20260811_070918/seq_90.jpg,Move toward the grey cabinet along the chair
1786396182.133636,sys1,89,1,0.160938,-0.005371,-0.018431,data/images_20260811_070918/seq_89.jpg,data/images_20260811_070918/seq_90.jpg,Move toward the grey cabinet along the chair
1786396182.133636,sys1,89,2,0.240625,-0.005811,-0.011108,data/images_20260811_070918/seq_89.jpg,data/images_20260811_070918/seq_90.jpg,Move toward the grey cabinet along the chair
1786396182.133636,sys1,89,3,0.315625,-0.005518,-0.025263,data/images_20260811_070918/seq_89.jpg,data/images_20260811_070918/seq_90.jpg,Move toward the grey cabinet along the chair
1786396182.133636,sys1,89,4,0.382812,-0.006494,0.011840,data/images_20260811_070918/seq_89.jpg,data/images_20260811_070918/seq_90.jpg,Move toward the grey cabinet along the chair
1786396182.133636,sys1,89,5,0.453125,-0.007715,0.020993,data/images_20260811_070918/seq_89.jpg,data/images_20260811_070918/seq_90.jpg,Move toward the grey cabinet along the chair
1786396182.133636,sys1,89,6,0.518750,-0.012109,-0.001709,data/images_20260811_070918/seq_89.jpg,data/images_20260811_070918/seq_90.jpg,Move toward the grey cabinet along the chair
1786396182.133636,sys1,89,7,0.581250,-0.017773,-0.006744,data/images_20260811_070918/seq_89.jpg,data/images_20260811_070918/seq_90.jpg,Move toward the grey cabinet along the chair
1786396182.133636,sys2,89,0,0.265625,0.110938,0.093058,data/images_20260811_070918/seq_89.jpg,data/images_20260811_070918/seq_89.jpg,Move toward the grey cabinet along the chair
1786396182.133636,sys2,89,1,0.273438,0.002954,-0.103342,data/images_20260811_070918/seq_89.jpg,data/images_20260811_070918/seq_89.jpg,Move toward the grey cabinet along the chair
1786396182.133636,sys2,89,2,0.310938,-0.005615,-0.096918,data/images_20260811_070918/seq_89.jpg,data/images_20260811_070918/seq_89.jpg,Move toward the grey cabinet along the chair
1786396182.133636,sys2,89,3,0.339063,0.041016,-0.068208,data/images_20260811_070918/seq_89.jpg,data/images_20260811_070918/seq_89.jpg,Move toward the grey cabinet along the chair
1786396182.133636,sys2,89,4,0.509375,0.032031,-1.047021,data/images_20260811_070918/seq_89.jpg,data/images_20260811_070918/seq_89.jpg,Move toward the grey cabinet along the chair
1786396182.133636,sys2,89,5,0.750000,-0.103125,-1.479804,data/images_20260811_070918/seq_89.jpg,data/images_20260811_070918/seq_89.jpg,Move toward the grey cabinet along the chair
1786396182.133636,sys2,89,6,0.843750,-0.082422,-1.245512,data/images_20260811_070918/seq_89.jpg,data/images_20260811_070918/seq_89.jpg,Move toward the grey cabinet along the chair
1786396182.133636,sys2,89,7,0.662500,0.013184,-2.668686,data/images_20260811_070918/seq_89.jpg,data/images_20260811_070918/seq_89.jpg,Move toward the grey cabinet along the chair
1786396183.133647,sys1,94,0,0.071875,-0.006982,-0.043673,data/images_20260811_070918/seq_94.jpg,data/images_20260811_070918/seq_94.jpg,Move toward the grey cabinet along the chair
1786396183.133647,sys1,94,1,0.142969,-0.011230,-0.045866,data/images_20260811_070918/seq_94.jpg,data/images_20260811_070918/seq_94.jpg,Move toward the grey cabinet along the chair
1786396183.133647,sys1,94,2,0.215625,-0.011035,-0.054146,data/images_20260811_070918/seq_94.jpg,data/images_20260811_070918/seq_94.jpg,Move toward the grey cabinet along the chair
1786396183.133647,sys1,94,3,0.284375,-0.013379,-0.073885,data/images_20260811_070918/seq_94.jpg,data/images_20260811_070918/seq_94.jpg,Move toward the grey cabinet along the chair
1786396183.133647,sys1,94,4,0.350000,-0.013281,-0.071447,data/images_20260811_070918/seq_94.jpg,data/images_20260811_070918/seq_94.jpg,Move toward the grey cabinet along the chair
1786396183.133647,sys1,94,5,0.415625,-0.021289,-0.027093,data/images_20260811_070918/seq_94.jpg,data/images_20260811_070918/seq_94.jpg,Move toward the grey cabinet along the chair
1786396183.133647,sys1,94,6,0.481250,-0.027734,-0.022579,data/images_20260811_070918/seq_94.jpg,data/images_20260811_070918/seq_94.jpg,Move toward the grey cabinet along the chair
1786396183.133647,sys1,94,7,0.550000,-0.035352,-0.032703,data/images_20260811_070918/seq_94.jpg,data/images_20260811_070918/seq_94.jpg,Move toward the grey cabinet along the chair
1786396183.133647,sys2,94,0,0.303125,0.133594,0.111379,data/images_20260811_070918/seq_94.jpg,data/images_20260811_070918/seq_94.jpg,Move toward the grey cabinet along the chair
1786396183.133647,sys2,94,1,0.257812,0.028516,-0.056638,data/images_20260811_070918/seq_94.jpg,data/images_20260811_070918/seq_94.jpg,Move toward the grey cabinet along the chair
1786396183.133647,sys2,94,2,0.257812,-0.009668,-0.059184,data/images_20260811_070918/seq_94.jpg,data/images_20260811_070918/seq_94.jpg,Move toward the grey cabinet along the chair
1786396183.133647,sys2,94,3,0.293750,0.078906,-0.209732,data/images_20260811_070918/seq_94.jpg,data/images_20260811_070918/seq_94.jpg,Move toward the grey cabinet along the chair
1786396183.133647,sys2,94,4,0.453125,-0.039258,-0.989468,data/images_20260811_070918/seq_94.jpg,data/images_20260811_070918/seq_94.jpg,Move toward the grey cabinet along the chair
1786396183.133647,sys2,94,5,0.696875,-0.143750,-1.220482,data/images_20260811_070918/seq_94.jpg,data/images_20260811_070918/seq_94.jpg,Move toward the grey cabinet along the chair
1786396183.133647,sys2,94,6,0.771875,-0.154688,-0.987125,data/images_20260811_070918/seq_94.jpg,data/images_20260811_070918/seq_94.jpg,Move toward the grey cabinet along the chair
1786396183.133647,sys2,94,7,0.587500,-0.033398,-1.160669,data/images_20260811_070918/seq_94.jpg,data/images_20260811_070918/seq_94.jpg,Move toward the grey cabinet along the chair
1786396184.133562,sys1,96,0,0.072656,-0.006689,-0.049033,data/images_20260811_070918/seq_96.jpg,data/images_20260811_070918/seq_97.jpg,Move toward the grey cabinet along the chair
1786396184.133562,sys1,96,1,0.145313,-0.012695,-0.055120,data/images_20260811_070918/seq_96.jpg,data/images_20260811_070918/seq_97.jpg,Move toward the grey cabinet along the chair
1786396184.133562,sys1,96,2,0.218750,-0.013672,-0.075347,data/images_20260811_070918/seq_96.jpg,data/images_20260811_070918/seq_97.jpg,Move toward the grey cabinet along the chair
1786396184.133562,sys1,96,3,0.287500,-0.017480,-0.094813,data/images_20260811_070918/seq_96.jpg,data/images_20260811_070918/seq_97.jpg,Move toward the grey cabinet along the chair
1786396184.133562,sys1,96,4,0.353125,-0.019141,-0.097241,data/images_20260811_070918/seq_96.jpg,data/images_20260811_070918/seq_97.jpg,Move toward the grey cabinet along the chair
1786396184.133562,sys1,96,5,0.418750,-0.029688,-0.056093,data/images_20260811_070918/seq_96.jpg,data/images_20260811_070918/seq_97.jpg,Move toward the grey cabinet along the chair
1786396184.133562,sys1,96,6,0.481250,-0.037891,-0.055363,data/images_20260811_070918/seq_96.jpg,data/images_20260811_070918/seq_97.jpg,Move toward the grey cabinet along the chair
1786396184.133562,sys1,96,7,0.550000,-0.047266,-0.071447,data/images_20260811_070918/seq_96.jpg,data/images_20260811_070918/seq_97.jpg,Move toward the grey cabinet along the chair
1786396184.133562,sys2,96,0,0.271875,0.110938,0.103228,data/images_20260811_070918/seq_96.jpg,data/images_20260811_070918/seq_96.jpg,Move toward the grey cabinet along the chair
1786396184.133562,sys2,96,1,0.265625,0.024121,-0.100679,data/images_20260811_070918/seq_96.jpg,data/images_20260811_070918/seq_96.jpg,Move toward the grey cabinet along the chair
1786396184.133562,sys2,96,2,0.260937,0.001459,-0.022436,data/images_20260811_070918/seq_96.jpg,data/images_20260811_070918/seq_96.jpg,Move toward the grey cabinet along the chair
1786396184.133562,sys2,96,3,0.295313,0.083203,-0.138902,data/images_20260811_070918/seq_96.jpg,data/images_20260811_070918/seq_96.jpg,Move toward the grey cabinet along the chair
1786396184.133562,sys2,96,4,0.415625,-0.022461,-1.024811,data/images_20260811_070918/seq_96.jpg,data/images_20260811_070918/seq_96.jpg,Move toward the grey cabinet along the chair
1786396184.133562,sys2,96,5,0.621875,-0.120313,-1.513905,data/images_20260811_070918/seq_96.jpg,data/images_20260811_070918/seq_96.jpg,Move toward the grey cabinet along the chair
1786396184.133562,sys2,96,6,0.715625,-0.126562,-1.070754,data/images_20260811_070918/seq_96.jpg,data/images_20260811_070918/seq_96.jpg,Move toward the grey cabinet along the chair
1786396184.133562,sys2,96,7,0.606250,-0.034375,-0.656801,data/images_20260811_070918/seq_96.jpg,data/images_20260811_070918/seq_96.jpg,Move toward the grey cabinet along the chair
1786396185.133535,sys1,99,0,0.071094,-0.006592,-0.039286,data/images_20260811_070918/seq_99.jpg,data/images_20260811_070918/seq_100.jpg,Move toward the grey cabinet along the chair
1786396185.133535,sys1,99,1,0.142187,-0.011719,-0.036361,data/images_20260811_070918/seq_99.jpg,data/images_20260811_070918/seq_100.jpg,Move toward the grey cabinet along the chair
1786396185.133535,sys1,99,2,0.215625,-0.011719,-0.054146,data/images_20260811_070918/seq_99.jpg,data/images_20260811_070918/seq_100.jpg,Move toward the grey cabinet along the chair
1786396185.133535,sys1,99,3,0.284375,-0.014453,-0.075835,data/images_20260811_070918/seq_99.jpg,data/images_20260811_070918/seq_100.jpg,Move toward the grey cabinet along the chair
1786396185.133535,sys1,99,4,0.350000,-0.014648,-0.065104,data/images_20260811_070918/seq_99.jpg,data/images_20260811_070918/seq_100.jpg,Move toward the grey cabinet along the chair
1786396185.133535,sys1,99,5,0.415625,-0.021289,-0.024409,data/images_20260811_070918/seq_99.jpg,data/images_20260811_070918/seq_100.jpg,Move toward the grey cabinet along the chair
1786396185.133535,sys1,99,6,0.478125,-0.026758,-0.020627,data/images_20260811_070918/seq_99.jpg,data/images_20260811_070918/seq_100.jpg,Move toward the grey cabinet along the chair
1786396185.133535,sys1,99,7,0.543750,-0.034375,-0.033923,data/images_20260811_070918/seq_99.jpg,data/images_20260811_070918/seq_100.jpg,Move toward the grey cabinet along the chair
1786396185.133535,sys2,99,0,0.246875,0.075000,0.054025,data/images_20260811_070918/seq_99.jpg,data/images_20260811_070918/seq_99.jpg,Move toward the grey cabinet along the chair
1786396185.133535,sys2,99,1,0.250000,-0.010400,-0.080945,data/images_20260811_070918/seq_99.jpg,data/images_20260811_070918/seq_99.jpg,Move toward the grey cabinet along the chair
1786396185.133535,sys2,99,2,0.214063,-0.007227,0.065745,data/images_20260811_070918/seq_99.jpg,data/images_20260811_070918/seq_99.jpg,Move toward the grey cabinet along the chair
1786396185.133535,sys2,99,3,0.172656,0.041797,-0.009611,data/images_20260811_070918/seq_99.jpg,data/images_20260811_070918/seq_99.jpg,Move toward the grey cabinet along the chair
1786396185.133535,sys2,99,4,0.192969,0.046094,-1.104604,data/images_20260811_070918/seq_99.jpg,data/images_20260811_070918/seq_99.jpg,Move toward the grey cabinet along the chair
1786396185.133535,sys2,99,5,0.475000,-0.057422,-2.394823,data/images_20260811_070918/seq_99.jpg,data/images_20260811_070918/seq_99.jpg,Move toward the grey cabinet along the chair
1786396185.133535,sys2,99,6,0.659375,-0.087891,-1.797977,data/images_20260811_070918/seq_99.jpg,data/images_20260811_070918/seq_99.jpg,Move toward the grey cabinet along the chair
1786396185.133535,sys2,99,7,0.578125,-0.027148,-0.446534,data/images_20260811_070918/seq_99.jpg,data/images_20260811_070918/seq_99.jpg,Move toward the grey cabinet along the chair
1786396186.133493,sys1,102,0,0.071484,-0.004883,-0.022579,data/images_20260811_070918/seq_102.jpg,data/images_20260811_070918/seq_103.jpg,Move toward the grey cabinet along the chair
1786396186.133493,sys1,102,1,0.142969,-0.007422,-0.013183,data/images_20260811_070918/seq_102.jpg,data/images_20260811_070918/seq_103.jpg,Move toward the grey cabinet along the chair
1786396186.133493,sys1,102,2,0.215625,-0.004077,-0.035629,data/images_20260811_070918/seq_102.jpg,data/images_20260811_070918/seq_103.jpg,Move toward the grey cabinet along the chair
1786396186.133493,sys1,102,3,0.284375,-0.004761,-0.041968,data/images_20260811_070918/seq_102.jpg,data/images_20260811_070918/seq_103.jpg,Move toward the grey cabinet along the chair
1786396186.133493,sys1,102,4,0.351562,-0.002271,-0.027581,data/images_20260811_070918/seq_102.jpg,data/images_20260811_070918/seq_103.jpg,Move toward the grey cabinet along the chair
1786396186.133493,sys1,102,5,0.418750,-0.007422,0.025629,data/images_20260811_070918/seq_102.jpg,data/images_20260811_070918/seq_103.jpg,Move toward the grey cabinet along the chair
1786396186.133493,sys1,102,6,0.484375,-0.009473,0.036361,data/images_20260811_070918/seq_102.jpg,data/images_20260811_070918/seq_103.jpg,Move toward the grey cabinet along the chair
1786396186.133493,sys1,102,7,0.553125,-0.012988,0.036361,data/images_20260811_070918/seq_102.jpg,data/images_20260811_070918/seq_103.jpg,Move toward the grey cabinet along the chair
1786396186.133493,sys2,102,0,0.343750,0.066797,0.026497,data/images_20260811_070918/seq_102.jpg,data/images_20260811_070918/seq_102.jpg,Move toward the grey cabinet along the chair
1786396186.133493,sys2,102,1,0.245313,0.027930,-0.046207,data/images_20260811_070918/seq_102.jpg,data/images_20260811_070918/seq_102.jpg,Move toward the grey cabinet along the chair
1786396186.133493,sys2,102,2,0.239063,0.005176,0.076139,data/images_20260811_070918/seq_102.jpg,data/images_20260811_070918/seq_102.jpg,Move toward the grey cabinet along the chair
1786396186.133493,sys2,102,3,0.055469,0.251563,0.284846,data/images_20260811_070918/seq_102.jpg,data/images_20260811_070918/seq_102.jpg,Move toward the grey cabinet along the chair
1786396186.133493,sys2,102,4,0.226562,0.087109,-0.518304,data/images_20260811_070918/seq_102.jpg,data/images_20260811_070918/seq_102.jpg,Move toward the grey cabinet along the chair
1786396186.133493,sys2,102,5,0.434375,-0.000891,0.075396,data/images_20260811_070918/seq_102.jpg,data/images_20260811_070918/seq_102.jpg,Move toward the grey cabinet along the chair
1786396186.133493,sys2,102,6,0.621875,-0.032617,-0.572852,data/images_20260811_070918/seq_102.jpg,data/images_20260811_070918/seq_102.jpg,Move toward the grey cabinet along the chair
1786396186.133493,sys2,102,7,0.568750,-0.018945,0.061605,data/images_20260811_070918/seq_102.jpg,data/images_20260811_070918/seq_102.jpg,Move toward the grey cabinet along the chair
1786396187.133650,sys1,106,0,0.071094,-0.002197,-0.003891,data/images_20260811_070918/seq_106.jpg,data/images_20260811_070918/seq_109.jpg,Move toward the grey cabinet along the chair
1786396187.133650,sys1,106,1,0.142187,-0.000122,0.015746,data/images_20260811_070918/seq_106.jpg,data/images_20260811_070918/seq_109.jpg,Move toward the grey cabinet along the chair
1786396187.133650,sys1,106,2,0.215625,0.008350,0.015868,data/images_20260811_070918/seq_106.jpg,data/images_20260811_070918/seq_109.jpg,Move toward the grey cabinet along the chair
1786396187.133650,sys1,106,3,0.284375,0.013086,0.005432,data/images_20260811_070918/seq_106.jpg,data/images_20260811_070918/seq_109.jpg,Move toward the grey cabinet along the chair
1786396187.133650,sys1,106,4,0.351562,0.019629,0.056337,data/images_20260811_070918/seq_106.jpg,data/images_20260811_070918/seq_109.jpg,Move toward the grey cabinet along the chair
1786396187.133650,sys1,106,5,0.418750,0.020996,0.146183,data/images_20260811_070918/seq_106.jpg,data/images_20260811_070918/seq_109.jpg,Move toward the grey cabinet along the chair
1786396187.133650,sys1,106,6,0.484375,0.027344,0.161621,data/images_20260811_070918/seq_106.jpg,data/images_20260811_070918/seq_109.jpg,Move toward the grey cabinet along the chair
1786396187.133650,sys1,106,7,0.553125,0.032031,0.163546,data/images_20260811_070918/seq_106.jpg,data/images_20260811_070918/seq_109.jpg,Move toward the grey cabinet along the chair
1786396187.133650,sys2,106,0,0.292187,0.062891,0.016162,data/images_20260811_070918/seq_106.jpg,data/images_20260811_070918/seq_106.jpg,Move toward the grey cabinet along the chair
1786396187.133650,sys2,106,1,0.253125,0.019824,0.006747,data/images_20260811_070918/seq_106.jpg,data/images_20260811_070918/seq_106.jpg,Move toward the grey cabinet along the chair
1786396187.133650,sys2,106,2,0.250000,0.055078,0.225277,data/images_20260811_070918/seq_106.jpg,data/images_20260811_070918/seq_106.jpg,Move toward the grey cabinet along the chair
1786396187.133650,sys2,106,3,0.191406,0.293750,0.679414,data/images_20260811_070918/seq_106.jpg,data/images_20260811_070918/seq_106.jpg,Move toward the grey cabinet along the chair
1786396187.133650,sys2,106,4,0.279688,0.160156,-2.388703,data/images_20260811_070918/seq_106.jpg,data/images_20260811_070918/seq_106.jpg,Move toward the grey cabinet along the chair
1786396187.133650,sys2,106,5,0.581250,0.012256,0.069388,data/images_20260811_070918/seq_106.jpg,data/images_20260811_070918/seq_106.jpg,Move toward the grey cabinet along the chair
1786396187.133650,sys2,106,6,0.731250,0.041406,-0.717793,data/images_20260811_070918/seq_106.jpg,data/images_20260811_070918/seq_106.jpg,Move toward the grey cabinet along the chair
1786396187.133650,sys2,106,7,0.562500,0.039648,-0.040940,data/images_20260811_070918/seq_106.jpg,data/images_20260811_070918/seq_106.jpg,Move toward the grey cabinet along the chair
1786396188.133752,sys1,111,0,0.071484,-0.009863,-0.054876,data/images_20260811_070918/seq_111.jpg,data/images_20260811_070918/seq_112.jpg,Move toward the grey cabinet along the chair
1786396188.133752,sys1,111,1,0.142187,-0.017383,-0.070959,data/images_20260811_070918/seq_111.jpg,data/images_20260811_070918/seq_112.jpg,Move toward the grey cabinet along the chair
1786396188.133752,sys1,111,2,0.215625,-0.021680,-0.111737,data/images_20260811_070918/seq_111.jpg,data/images_20260811_070918/seq_112.jpg,Move toward the grey cabinet along the chair
1786396188.133752,sys1,111,3,0.282813,-0.029688,-0.133067,data/images_20260811_070918/seq_111.jpg,data/images_20260811_070918/seq_112.jpg,Move toward the grey cabinet along the chair
1786396188.133752,sys1,111,4,0.350000,-0.033203,-0.162584,data/images_20260811_070918/seq_111.jpg,data/images_20260811_070918/seq_112.jpg,Move toward the grey cabinet along the chair
1786396188.133752,sys1,111,5,0.415625,-0.049609,-0.135967,data/images_20260811_070918/seq_111.jpg,data/images_20260811_070918/seq_112.jpg,Move toward the grey cabinet along the chair
1786396188.133752,sys1,111,6,0.478125,-0.062500,-0.133067,data/images_20260811_070918/seq_111.jpg,data/images_20260811_070918/seq_112.jpg,Move toward the grey cabinet along the chair
1786396188.133752,sys1,111,7,0.550000,-0.078125,-0.132100,data/images_20260811_070918/seq_111.jpg,data/images_20260811_070918/seq_112.jpg,Move toward the grey cabinet along the chair
1786396188.133752,sys2,111,0,0.304688,0.100000,0.110921,data/images_20260811_070918/seq_111.jpg,data/images_20260811_070918/seq_111.jpg,Move toward the grey cabinet along the chair
1786396188.133752,sys2,111,1,0.212500,0.033789,-0.059982,data/images_20260811_070918/seq_111.jpg,data/images_20260811_070918/seq_111.jpg,Move toward the grey cabinet along the chair
1786396188.133752,sys2,111,2,0.253125,0.028320,0.108546,data/images_20260811_070918/seq_111.jpg,data/images_20260811_070918/seq_111.jpg,Move toward the grey cabinet along the chair
1786396188.133752,sys2,111,3,0.253125,0.228125,0.349758,data/images_20260811_070918/seq_111.jpg,data/images_20260811_070918/seq_111.jpg,Move toward the grey cabinet along the chair
1786396188.133752,sys2,111,4,0.293750,0.121875,-1.848101,data/images_20260811_070918/seq_111.jpg,data/images_20260811_070918/seq_111.jpg,Move toward the grey cabinet along the chair
1786396188.133752,sys2,111,5,0.565625,-0.067969,-0.983465,data/images_20260811_070918/seq_111.jpg,data/images_20260811_070918/seq_111.jpg,Move toward the grey cabinet along the chair
1786396188.133752,sys2,111,6,0.650000,-0.120313,-1.434549,data/images_20260811_070918/seq_111.jpg,data/images_20260811_070918/seq_111.jpg,Move toward the grey cabinet along the chair
1786396188.133752,sys2,111,7,0.568750,-0.114063,-0.520980,data/images_20260811_070918/seq_111.jpg,data/images_20260811_070918/seq_111.jpg,Move toward the grey cabinet along the chair
1786396189.133477,sys1,114,0,0.070703,-0.005664,-0.020505,data/images_20260811_070918/seq_114.jpg,data/images_20260811_070918/seq_117.jpg,Move toward the grey cabinet along the chair
1786396189.133477,sys1,114,1,0.140625,-0.007812,-0.013305,data/images_20260811_070918/seq_114.jpg,data/images_20260811_070918/seq_117.jpg,Move toward the grey cabinet along the chair
1786396189.133477,sys1,114,2,0.212500,-0.004028,-0.020139,data/images_20260811_070918/seq_114.jpg,data/images_20260811_070918/seq_117.jpg,Move toward the grey cabinet along the chair
1786396189.133477,sys1,114,3,0.279688,-0.003564,-0.033679,data/images_20260811_070918/seq_114.jpg,data/images_20260811_070918/seq_117.jpg,Move toward the grey cabinet along the chair
1786396189.133477,sys1,114,4,0.345313,0.000122,-0.020261,data/images_20260811_070918/seq_114.jpg,data/images_20260811_070918/seq_117.jpg,Move toward the grey cabinet along the chair
1786396189.133477,sys1,114,5,0.412500,-0.004590,0.044161,data/images_20260811_070918/seq_114.jpg,data/images_20260811_070918/seq_117.jpg,Move toward the grey cabinet along the chair
1786396189.133477,sys1,114,6,0.475000,-0.005713,0.063639,data/images_20260811_070918/seq_114.jpg,data/images_20260811_070918/seq_117.jpg,Move toward the grey cabinet along the chair
1786396189.133477,sys1,114,7,0.543750,-0.007812,0.060960,data/images_20260811_070918/seq_114.jpg,data/images_20260811_070918/seq_117.jpg,Move toward the grey cabinet along the chair
1786396189.133477,sys2,114,0,0.282813,0.078125,0.063233,data/images_20260811_070918/seq_114.jpg,data/images_20260811_070918/seq_114.jpg,Move toward the grey cabinet along the chair
1786396189.133477,sys2,114,1,0.215625,0.031055,-0.033897,data/images_20260811_070918/seq_114.jpg,data/images_20260811_070918/seq_114.jpg,Move toward the grey cabinet along the chair
1786396189.133477,sys2,114,2,0.254688,0.017090,0.162107,data/images_20260811_070918/seq_114.jpg,data/images_20260811_070918/seq_114.jpg,Move toward the grey cabinet along the chair
1786396189.133477,sys2,114,3,0.257812,0.130469,0.627708,data/images_20260811_070918/seq_114.jpg,data/images_20260811_070918/seq_114.jpg,Move toward the grey cabinet along the chair
1786396189.133477,sys2,114,4,0.375000,0.039844,-1.840878,data/images_20260811_070918/seq_114.jpg,data/images_20260811_070918/seq_114.jpg,Move toward the grey cabinet along the chair
1786396189.133477,sys2,114,5,0.546875,-0.013867,-1.744842,data/images_20260811_070918/seq_114.jpg,data/images_20260811_070918/seq_114.jpg,Move toward the grey cabinet along the chair
1786396189.133477,sys2,114,6,0.596875,-0.028711,-2.650174,data/images_20260811_070918/seq_114.jpg,data/images_20260811_070918/seq_114.jpg,Move toward the grey cabinet along the chair
1786396189.133477,sys2,114,7,0.556250,-0.016309,-0.243569,data/images_20260811_070918/seq_114.jpg,data/images_20260811_070918/seq_114.jpg,Move toward the grey cabinet along the chair
1786396190.133530,sys1,120,0,0.071875,-0.009570,-0.055120,data/images_20260811_070918/seq_120.jpg,data/images_20260811_070918/seq_122.jpg,Move toward the grey cabinet along the chair
1786396190.133530,sys1,120,1,0.142969,-0.017578,-0.059743,data/images_20260811_070918/seq_120.jpg,data/images_20260811_070918/seq_122.jpg,Move toward the grey cabinet along the chair
1786396190.133530,sys1,120,2,0.217188,-0.020410,-0.107428,data/images_20260811_070918/seq_120.jpg,data/images_20260811_070918/seq_122.jpg,Move toward the grey cabinet along the chair
1786396190.133530,sys1,120,3,0.284375,-0.028125,-0.116109,data/images_20260811_070918/seq_120.jpg,data/images_20260811_070918/seq_122.jpg,Move toward the grey cabinet along the chair
1786396190.133530,sys1,120,4,0.353125,-0.030273,-0.133067,data/images_20260811_070918/seq_120.jpg,data/images_20260811_070918/seq_122.jpg,Move toward the grey cabinet along the chair
1786396190.133530,sys1,120,5,0.421875,-0.045313,-0.086548,data/images_20260811_070918/seq_120.jpg,data/images_20260811_070918/seq_122.jpg,Move toward the grey cabinet along the chair
1786396190.133530,sys1,120,6,0.484375,-0.054688,-0.082654,data/images_20260811_070918/seq_120.jpg,data/images_20260811_070918/seq_122.jpg,Move toward the grey cabinet along the chair
1786396190.133530,sys1,120,7,0.556250,-0.065625,-0.083141,data/images_20260811_070918/seq_120.jpg,data/images_20260811_070918/seq_122.jpg,Move toward the grey cabinet along the chair
1786396190.133530,sys2,120,0,0.398438,0.153125,0.082765,data/images_20260811_070918/seq_120.jpg,data/images_20260811_070918/seq_120.jpg,Move toward the grey cabinet along the chair
1786396190.133530,sys2,120,1,0.221875,0.026758,-0.047524,data/images_20260811_070918/seq_120.jpg,data/images_20260811_070918/seq_120.jpg,Move toward the grey cabinet along the chair
1786396190.133530,sys2,120,2,0.267188,-0.004834,0.065357,data/images_20260811_070918/seq_120.jpg,data/images_20260811_070918/seq_120.jpg,Move toward the grey cabinet along the chair
1786396190.133530,sys2,120,3,0.323438,-0.028320,-0.182683,data/images_20260811_070918/seq_120.jpg,data/images_20260811_070918/seq_120.jpg,Move toward the grey cabinet along the chair
1786396190.133530,sys2,120,4,0.409375,-0.065625,-1.296471,data/images_20260811_070918/seq_120.jpg,data/images_20260811_070918/seq_120.jpg,Move toward the grey cabinet along the chair
1786396190.133530,sys2,120,5,0.553125,-0.080078,-1.522518,data/images_20260811_070918/seq_120.jpg,data/images_20260811_070918/seq_120.jpg,Move toward the grey cabinet along the chair
1786396190.133530,sys2,120,6,0.621875,-0.129688,-1.396955,data/images_20260811_070918/seq_120.jpg,data/images_20260811_070918/seq_120.jpg,Move toward the grey cabinet along the chair
1786396190.133530,sys2,120,7,0.559375,-0.103906,-1.532226,data/images_20260811_070918/seq_120.jpg,data/images_20260811_070918/seq_120.jpg,Move toward the grey cabinet along the chair
1786396191.133593,sys1,125,0,0.073047,-0.011279,-0.068032,data/images_20260811_070918/seq_125.jpg,data/images_20260811_070918/seq_126.jpg,Move toward the grey cabinet along the chair
1786396191.133593,sys1,125,1,0.144531,-0.023633,-0.093841,data/images_20260811_070918/seq_125.jpg,data/images_20260811_070918/seq_126.jpg,Move toward the grey cabinet along the chair
1786396191.133593,sys1,125,2,0.220313,-0.032031,-0.163546,data/images_20260811_070918/seq_125.jpg,data/images_20260811_070918/seq_126.jpg,Move toward the grey cabinet along the chair
1786396191.133593,sys1,125,3,0.287500,-0.044336,-0.171898,data/images_20260811_070918/seq_125.jpg,data/images_20260811_070918/seq_126.jpg,Move toward the grey cabinet along the chair
1786396191.133593,sys1,125,4,0.357813,-0.050000,-0.204281,data/images_20260811_070918/seq_125.jpg,data/images_20260811_070918/seq_126.jpg,Move toward the grey cabinet along the chair
1786396191.133593,sys1,125,5,0.425000,-0.071484,-0.177670,data/images_20260811_070918/seq_125.jpg,data/images_20260811_070918/seq_126.jpg,Move toward the grey cabinet along the chair
1786396191.133593,sys1,125,6,0.487500,-0.086719,-0.178631,data/images_20260811_070918/seq_125.jpg,data/images_20260811_070918/seq_126.jpg,Move toward the grey cabinet along the chair
1786396191.133593,sys1,125,7,0.559375,-0.104688,-0.179592,data/images_20260811_070918/seq_125.jpg,data/images_20260811_070918/seq_126.jpg,Move toward the grey cabinet along the chair
1786396191.133593,sys2,125,0,0.378125,0.167188,0.066261,data/images_20260811_070918/seq_125.jpg,data/images_20260811_070918/seq_125.jpg,Move toward the grey cabinet along the chair
1786396191.133593,sys2,125,1,0.254688,-0.010205,-0.070748,data/images_20260811_070918/seq_125.jpg,data/images_20260811_070918/seq_125.jpg,Move toward the grey cabinet along the chair
1786396191.133593,sys2,125,2,0.312500,-0.000282,-0.005842,data/images_20260811_070918/seq_125.jpg,data/images_20260811_070918/seq_125.jpg,Move toward the grey cabinet along the chair
1786396191.133593,sys2,125,3,0.376563,0.007422,-0.026703,data/images_20260811_070918/seq_125.jpg,data/images_20260811_070918/seq_125.jpg,Move toward the grey cabinet along the chair
1786396191.133593,sys2,125,4,0.446875,-0.013574,-1.540914,data/images_20260811_070918/seq_125.jpg,data/images_20260811_070918/seq_125.jpg,Move toward the grey cabinet along the chair
1786396191.133593,sys2,125,5,0.575000,-0.092578,-1.848132,data/images_20260811_070918/seq_125.jpg,data/images_20260811_070918/seq_125.jpg,Move toward the grey cabinet along the chair
1786396191.133593,sys2,125,6,0.643750,-0.140625,-1.677979,data/images_20260811_070918/seq_125.jpg,data/images_20260811_070918/seq_125.jpg,Move toward the grey cabinet along the chair
1786396191.133593,sys2,125,7,0.584375,-0.169531,-1.424735,data/images_20260811_070918/seq_125.jpg,data/images_20260811_070918/seq_125.jpg,Move toward the grey cabinet along the chair
1786396192.133540,sys1,128,0,0.068750,-0.010742,-0.030752,data/images_20260811_070918/seq_128.jpg,data/images_20260811_070918/seq_129.jpg,Move toward the grey cabinet along the chair
1786396192.133540,sys1,128,1,0.135938,-0.017090,0.000366,data/images_20260811_070918/seq_128.jpg,data/images_20260811_070918/seq_129.jpg,Move toward the grey cabinet along the chair
1786396192.133540,sys1,128,2,0.206250,-0.017285,-0.007629,data/images_20260811_070918/seq_128.jpg,data/images_20260811_070918/seq_129.jpg,Move toward the grey cabinet along the chair
1786396192.133540,sys1,128,3,0.270313,-0.017285,-0.011474,data/images_20260811_070918/seq_128.jpg,data/images_20260811_070918/seq_129.jpg,Move toward the grey cabinet along the chair
1786396192.133540,sys1,128,4,0.334375,-0.013867,-0.028069,data/images_20260811_070918/seq_128.jpg,data/images_20260811_070918/seq_129.jpg,Move toward the grey cabinet along the chair
1786396192.133540,sys1,128,5,0.400000,-0.019824,0.038311,data/images_20260811_070918/seq_128.jpg,data/images_20260811_070918/seq_129.jpg,Move toward the grey cabinet along the chair
1786396192.133540,sys1,128,6,0.462500,-0.017285,0.076322,data/images_20260811_070918/seq_128.jpg,data/images_20260811_070918/seq_129.jpg,Move toward the grey cabinet along the chair
1786396192.133540,sys1,128,7,0.528125,-0.019727,0.080220,data/images_20260811_070918/seq_128.jpg,data/images_20260811_070918/seq_129.jpg,Move toward the grey cabinet along the chair
1786396192.133540,sys2,128,0,0.496875,0.192969,0.087824,data/images_20260811_070918/seq_128.jpg,data/images_20260811_070918/seq_128.jpg,Move toward the grey cabinet along the chair
1786396192.133540,sys2,128,1,0.276562,-0.007373,-0.045623,data/images_20260811_070918/seq_128.jpg,data/images_20260811_070918/seq_128.jpg,Move toward the grey cabinet along the chair
1786396192.133540,sys2,128,2,0.312500,0.003198,0.089712,data/images_20260811_070918/seq_128.jpg,data/images_20260811_070918/seq_128.jpg,Move toward the grey cabinet along the chair
1786396192.133540,sys2,128,3,0.346875,0.035352,0.198852,data/images_20260811_070918/seq_128.jpg,data/images_20260811_070918/seq_128.jpg,Move toward the grey cabinet along the chair
1786396192.133540,sys2,128,4,0.446875,0.044336,-2.602915,data/images_20260811_070918/seq_128.jpg,data/images_20260811_070918/seq_128.jpg,Move toward the grey cabinet along the chair
1786396192.133540,sys2,128,5,0.678125,-0.129688,-1.124262,data/images_20260811_070918/seq_128.jpg,data/images_20260811_070918/seq_128.jpg,Move toward the grey cabinet along the chair
1786396192.133540,sys2,128,6,0.806250,-0.159375,-1.228060,data/images_20260811_070918/seq_128.jpg,data/images_20260811_070918/seq_128.jpg,Move toward the grey cabinet along the chair
1786396192.133540,sys2,128,7,0.556250,-0.184375,-0.880587,data/images_20260811_070918/seq_128.jpg,data/images_20260811_070918/seq_128.jpg,Move toward the grey cabinet along the chair
1786396193.133578,sys1,129,0,0.072656,-0.005347,-0.032947,data/images_20260811_070918/seq_129.jpg,data/images_20260811_070918/seq_133.jpg,Move toward the grey cabinet along the chair
1786396193.133578,sys1,129,1,0.141406,-0.011816,-0.024531,data/images_20260811_070918/seq_129.jpg,data/images_20260811_070918/seq_133.jpg,Move toward the grey cabinet along the chair
1786396193.133578,sys1,129,2,0.215625,-0.010547,-0.077784,data/images_20260811_070918/seq_129.jpg,data/images_20260811_070918/seq_133.jpg,Move toward the grey cabinet along the chair
1786396193.133578,sys1,129,3,0.278125,-0.013086,-0.089466,data/images_20260811_070918/seq_129.jpg,data/images_20260811_070918/seq_133.jpg,Move toward the grey cabinet along the chair
1786396193.133578,sys1,129,4,0.346875,-0.010010,-0.057310,data/images_20260811_070918/seq_129.jpg,data/images_20260811_070918/seq_133.jpg,Move toward the grey cabinet along the chair
1786396193.133578,sys1,129,5,0.412500,-0.022461,0.060230,data/images_20260811_070918/seq_129.jpg,data/images_20260811_070918/seq_133.jpg,Move toward the grey cabinet along the chair
1786396193.133578,sys1,129,6,0.471875,-0.022852,0.094813,data/images_20260811_070918/seq_129.jpg,data/images_20260811_070918/seq_133.jpg,Move toward the grey cabinet along the chair
1786396193.133578,sys1,129,7,0.540625,-0.023242,0.143280,data/images_20260811_070918/seq_129.jpg,data/images_20260811_070918/seq_133.jpg,Move toward the grey cabinet along the chair
1786396193.133578,sys2,129,0,0.096094,0.037305,-0.034121,data/images_20260811_070918/seq_129.jpg,data/images_20260811_070918/seq_129.jpg,Move toward the grey cabinet along the chair
1786396193.133578,sys2,129,1,0.212500,0.025586,-0.104669,data/images_20260811_070918/seq_129.jpg,data/images_20260811_070918/seq_129.jpg,Move toward the grey cabinet along the chair
1786396193.133578,sys2,129,2,0.147656,0.006592,0.018265,data/images_20260811_070918/seq_129.jpg,data/images_20260811_070918/seq_129.jpg,Move toward the grey cabinet along the chair
1786396193.133578,sys2,129,3,0.192969,-0.002917,0.066682,data/images_20260811_070918/seq_129.jpg,data/images_20260811_070918/seq_129.jpg,Move toward the grey cabinet along the chair
1786396193.133578,sys2,129,4,0.268750,0.004370,0.062419,data/images_20260811_070918/seq_129.jpg,data/images_20260811_070918/seq_129.jpg,Move toward the grey cabinet along the chair
1786396193.133578,sys2,129,5,0.364063,0.016699,0.036001,data/images_20260811_070918/seq_129.jpg,data/images_20260811_070918/seq_129.jpg,Move toward the grey cabinet along the chair
1786396193.133578,sys2,129,6,0.440625,0.029297,-0.026253,data/images_20260811_070918/seq_129.jpg,data/images_20260811_070918/seq_129.jpg,Move toward the grey cabinet along the chair
1786396193.133578,sys2,129,7,0.471875,-0.035156,0.740983,data/images_20260811_070918/seq_129.jpg,data/images_20260811_070918/seq_129.jpg,Move toward the grey cabinet along the chair
1786396194.133613,sys1,132,0,0.069922,-0.014648,-0.098698,data/images_20260811_070918/seq_132.jpg,data/images_20260811_070918/seq_137.jpg,Move toward the grey cabinet along the chair
1786396194.133613,sys1,132,1,0.139063,-0.032617,-0.148117,data/images_20260811_070918/seq_132.jpg,data/images_20260811_070918/seq_137.jpg,Move toward the grey cabinet along the chair
1786396194.133613,sys1,132,2,0.215625,-0.049023,-0.229803,data/images_20260811_070918/seq_132.jpg,data/images_20260811_070918/seq_137.jpg,Move toward the grey cabinet along the chair
1786396194.133613,sys1,132,3,0.276562,-0.067969,-0.228851,data/images_20260811_070918/seq_132.jpg,data/images_20260811_070918/seq_137.jpg,Move toward the grey cabinet along the chair
1786396194.133613,sys1,132,4,0.346875,-0.077344,-0.273461,data/images_20260811_070918/seq_132.jpg,data/images_20260811_070918/seq_137.jpg,Move toward the grey cabinet along the chair
1786396194.133613,sys1,132,5,0.412500,-0.107031,-0.261106,data/images_20260811_070918/seq_132.jpg,data/images_20260811_070918/seq_137.jpg,Move toward the grey cabinet along the chair
1786396194.133613,sys1,132,6,0.475000,-0.126562,-0.247823,data/images_20260811_070918/seq_132.jpg,data/images_20260811_070918/seq_137.jpg,Move toward the grey cabinet along the chair
1786396194.133613,sys1,132,7,0.543750,-0.149219,-0.254444,data/images_20260811_070918/seq_132.jpg,data/images_20260811_070918/seq_137.jpg,Move toward the grey cabinet along the chair
1786396194.133613,sys2,136,0,0.096094,0.037305,-0.034121,data/images_20260811_070918/seq_136.jpg,data/images_20260811_070918/seq_136.jpg,Move toward the grey cabinet along the chair
1786396194.133613,sys2,136,1,0.212500,0.025586,-0.104669,data/images_20260811_070918/seq_136.jpg,data/images_20260811_070918/seq_136.jpg,Move toward the grey cabinet along the chair
1786396194.133613,sys2,136,2,0.147656,0.006592,0.018265,data/images_20260811_070918/seq_136.jpg,data/images_20260811_070918/seq_136.jpg,Move toward the grey cabinet along the chair
1786396194.133613,sys2,136,3,0.192969,-0.002917,0.066682,data/images_20260811_070918/seq_136.jpg,data/images_20260811_070918/seq_136.jpg,Move toward the grey cabinet along the chair
1786396194.133613,sys2,136,4,0.268750,0.004370,0.062419,data/images_20260811_070918/seq_136.jpg,data/images_20260811_070918/seq_136.jpg,Move toward the grey cabinet along the chair
1786396194.133613,sys2,136,5,0.364063,0.016699,0.036001,data/images_20260811_070918/seq_136.jpg,data/images_20260811_070918/seq_136.jpg,Move toward the grey cabinet along the chair
1786396194.133613,sys2,136,6,0.440625,0.029297,-0.026253,data/images_20260811_070918/seq_136.jpg,data/images_20260811_070918/seq_136.jpg,Move toward the grey cabinet along the chair
1786396194.133613,sys2,136,7,0.471875,-0.035156,0.740983,data/images_20260811_070918/seq_136.jpg,data/images_20260811_070918/seq_136.jpg,Move toward the grey cabinet along the chair
1786396195.133531,sys1,138,0,0.075000,-0.002258,-0.006805,data/images_20260811_070918/seq_138.jpg,data/images_20260811_070918/seq_139.jpg,Move toward the grey cabinet along the chair
1786396195.133531,sys1,138,1,0.148438,-0.002856,-0.007080,data/images_20260811_070918/seq_138.jpg,data/images_20260811_070918/seq_139.jpg,Move toward the grey cabinet along the chair
1786396195.133531,sys1,138,2,0.226562,0.000635,-0.047084,data/images_20260811_070918/seq_138.jpg,data/images_20260811_070918/seq_139.jpg,Move toward the grey cabinet along the chair
1786396195.133531,sys1,138,3,0.292187,0.001794,-0.052442,data/images_20260811_070918/seq_138.jpg,data/images_20260811_070918/seq_139.jpg,Move toward the grey cabinet along the chair
1786396195.133531,sys1,138,4,0.362500,0.006445,-0.007324,data/images_20260811_070918/seq_138.jpg,data/images_20260811_070918/seq_139.jpg,Move toward the grey cabinet along the chair
1786396195.133531,sys1,138,5,0.431250,-0.001929,0.097241,data/images_20260811_070918/seq_138.jpg,data/images_20260811_070918/seq_139.jpg,Move toward the grey cabinet along the chair
1786396195.133531,sys1,138,6,0.493750,-0.000073,0.116595,data/images_20260811_070918/seq_138.jpg,data/images_20260811_070918/seq_139.jpg,Move toward the grey cabinet along the chair
1786396195.133531,sys1,138,7,0.565625,0.000879,0.157769,data/images_20260811_070918/seq_138.jpg,data/images_20260811_070918/seq_139.jpg,Move toward the grey cabinet along the chair
1786396195.133531,sys2,138,0,0.114844,0.022852,0.067685,data/images_20260811_070918/seq_138.jpg,data/images_20260811_070918/seq_138.jpg,Move toward the grey cabinet along the chair
1786396195.133531,sys2,138,1,0.187500,0.043164,0.041960,data/images_20260811_070918/seq_138.jpg,data/images_20260811_070918/seq_138.jpg,Move toward the grey cabinet along the chair
1786396195.133531,sys2,138,2,0.212500,0.006128,0.062419,data/images_20260811_070918/seq_138.jpg,data/images_20260811_070918/seq_138.jpg,Move toward the grey cabinet along the chair
1786396195.133531,sys2,138,3,0.265625,0.007520,-0.000461,data/images_20260811_070918/seq_138.jpg,data/images_20260811_070918/seq_138.jpg,Move toward the grey cabinet along the chair
1786396195.133531,sys2,138,4,0.365625,0.000281,-0.139180,data/images_20260811_070918/seq_138.jpg,data/images_20260811_070918/seq_138.jpg,Move toward the grey cabinet along the chair
1786396195.133531,sys2,138,5,0.456250,0.014160,-0.120250,data/images_20260811_070918/seq_138.jpg,data/images_20260811_070918/seq_138.jpg,Move toward the grey cabinet along the chair
1786396195.133531,sys2,138,6,0.528125,0.017090,-0.221550,data/images_20260811_070918/seq_138.jpg,data/images_20260811_070918/seq_138.jpg,Move toward the grey cabinet along the chair
1786396195.133531,sys2,138,7,0.593750,0.016504,0.020439,data/images_20260811_070918/seq_138.jpg,data/images_20260811_070918/seq_138.jpg,Move toward the grey cabinet along the chair
1786396196.133472,sys1,140,0,0.069922,-0.006982,-0.007812,data/images_20260811_070918/seq_140.jpg,data/images_20260811_070918/seq_143.jpg,Move toward the grey cabinet along the chair
1786396196.133472,sys1,140,1,0.136719,-0.010449,0.021725,data/images_20260811_070918/seq_140.jpg,data/images_20260811_070918/seq_143.jpg,Move toward the grey cabinet along the chair
1786396196.133472,sys1,140,2,0.203125,-0.005908,-0.013427,data/images_20260811_070918/seq_140.jpg,data/images_20260811_070918/seq_143.jpg,Move toward the grey cabinet along the chair
1786396196.133472,sys1,140,3,0.265625,-0.004346,-0.010925,data/images_20260811_070918/seq_140.jpg,data/images_20260811_070918/seq_143.jpg,Move toward the grey cabinet along the chair
1786396196.133472,sys1,140,4,0.328125,0.000000,-0.018553,data/images_20260811_070918/seq_140.jpg,data/images_20260811_070918/seq_143.jpg,Move toward the grey cabinet along the chair
1786396196.133472,sys1,140,5,0.392188,-0.006934,0.066568,data/images_20260811_070918/seq_140.jpg,data/images_20260811_070918/seq_143.jpg,Move toward the grey cabinet along the chair
1786396196.133472,sys1,140,6,0.453125,-0.002637,0.108820,data/images_20260811_070918/seq_140.jpg,data/images_20260811_070918/seq_143.jpg,Move toward the grey cabinet along the chair
1786396196.133472,sys1,140,7,0.518750,-0.001343,0.135967,data/images_20260811_070918/seq_140.jpg,data/images_20260811_070918/seq_143.jpg,Move toward the grey cabinet along the chair
1786396196.133472,sys2,140,0,0.096094,0.037305,-0.034121,data/images_20260811_070918/seq_140.jpg,data/images_20260811_070918/seq_140.jpg,Move toward the grey cabinet along the chair
1786396196.133472,sys2,140,1,0.212500,0.025586,-0.104669,data/images_20260811_070918/seq_140.jpg,data/images_20260811_070918/seq_140.jpg,Move toward the grey cabinet along the chair
1786396196.133472,sys2,140,2,0.147656,0.006592,0.018265,data/images_20260811_070918/seq_140.jpg,data/images_20260811_070918/seq_140.jpg,Move toward the grey cabinet along the chair
1786396196.133472,sys2,140,3,0.192969,-0.002917,0.066682,data/images_20260811_070918/seq_140.jpg,data/images_20260811_070918/seq_140.jpg,Move toward the grey cabinet along the chair
1786396196.133472,sys2,140,4,0.268750,0.004370,0.062419,data/images_20260811_070918/seq_140.jpg,data/images_20260811_070918/seq_140.jpg,Move toward the grey cabinet along the chair
1786396196.133472,sys2,140,5,0.364063,0.016699,0.036001,data/images_20260811_070918/seq_140.jpg,data/images_20260811_070918/seq_140.jpg,Move toward the grey cabinet along the chair
1786396196.133472,sys2,140,6,0.440625,0.029297,-0.026253,data/images_20260811_070918/seq_140.jpg,data/images_20260811_070918/seq_140.jpg,Move toward the grey cabinet along the chair
1786396196.133472,sys2,140,7,0.471875,-0.035156,0.740983,data/images_20260811_070918/seq_140.jpg,data/images_20260811_070918/seq_140.jpg,Move toward the grey cabinet along the chair
1786396197.136779,sys1,145,0,0.070312,-0.007031,-0.010254,data/images_20260811_070918/seq_145.jpg,data/images_20260811_070918/seq_147.jpg,Move toward the grey cabinet along the chair
1786396197.136779,sys1,145,1,0.136719,-0.009961,0.009765,data/images_20260811_070918/seq_145.jpg,data/images_20260811_070918/seq_147.jpg,Move toward the grey cabinet along the chair
1786396197.136779,sys1,145,2,0.203125,-0.006250,-0.028069,data/images_20260811_070918/seq_145.jpg,data/images_20260811_070918/seq_147.jpg,Move toward the grey cabinet along the chair
1786396197.136779,sys1,145,3,0.265625,-0.005615,-0.024287,data/images_20260811_070918/seq_145.jpg,data/images_20260811_070918/seq_147.jpg,Move toward the grey cabinet along the chair
1786396197.136779,sys1,145,4,0.328125,-0.001758,-0.032215,data/images_20260811_070918/seq_145.jpg,data/images_20260811_070918/seq_147.jpg,Move toward the grey cabinet along the chair
1786396197.136779,sys1,145,5,0.392188,-0.009766,0.050738,data/images_20260811_070918/seq_145.jpg,data/images_20260811_070918/seq_147.jpg,Move toward the grey cabinet along the chair
1786396197.136779,sys1,145,6,0.453125,-0.007520,0.089953,data/images_20260811_070918/seq_145.jpg,data/images_20260811_070918/seq_147.jpg,Move toward the grey cabinet along the chair
1786396197.136779,sys1,145,7,0.518750,-0.007812,0.115138,data/images_20260811_070918/seq_145.jpg,data/images_20260811_070918/seq_147.jpg,Move toward the grey cabinet along the chair
1786396197.136779,sys2,147,0,0.182813,0.042188,-0.025615,data/images_20260811_070918/seq_147.jpg,data/images_20260811_070918/seq_147.jpg,Move toward the grey cabinet along the chair
1786396197.136779,sys2,147,1,0.278125,-0.000036,0.000418,data/images_20260811_070918/seq_147.jpg,data/images_20260811_070918/seq_147.jpg,Move toward the grey cabinet along the chair
1786396197.136779,sys2,147,2,0.284375,-0.022070,-0.012191,data/images_20260811_070918/seq_147.jpg,data/images_20260811_070918/seq_147.jpg,Move toward the grey cabinet along the chair
1786396197.136779,sys2,147,3,0.304688,-0.021680,0.007908,data/images_20260811_070918/seq_147.jpg,data/images_20260811_070918/seq_147.jpg,Move toward the grey cabinet along the chair
1786396197.136779,sys2,147,4,0.328125,-0.014941,-0.204254,data/images_20260811_070918/seq_147.jpg,data/images_20260811_070918/seq_147.jpg,Move toward the grey cabinet along the chair
1786396197.136779,sys2,147,5,0.331250,-0.013672,-1.968315,data/images_20260811_070918/seq_147.jpg,data/images_20260811_070918/seq_147.jpg,Move toward the grey cabinet along the chair
1786396197.136779,sys2,147,6,0.304688,-0.022754,-2.963553,data/images_20260811_070918/seq_147.jpg,data/images_20260811_070918/seq_147.jpg,Move toward the grey cabinet along the chair
1786396197.136779,sys2,147,7,0.446875,-0.116406,-3.132815,data/images_20260811_070918/seq_147.jpg,data/images_20260811_070918/seq_147.jpg,Move toward the grey cabinet along the chair
1786396198.133496,sys1,148,0,0.062891,-0.010693,-0.030386,data/images_20260811_070918/seq_148.jpg,data/images_20260811_070918/seq_150.jpg,Move toward the grey cabinet along the chair
1786396198.133496,sys1,148,1,0.125000,-0.017285,0.006470,data/images_20260811_070918/seq_148.jpg,data/images_20260811_070918/seq_150.jpg,Move toward the grey cabinet along the chair
1786396198.133496,sys1,148,2,0.190625,-0.016504,-0.008362,data/images_20260811_070918/seq_148.jpg,data/images_20260811_070918/seq_150.jpg,Move toward the grey cabinet along the chair
1786396198.133496,sys1,148,3,0.250000,-0.016113,-0.003479,data/images_20260811_070918/seq_148.jpg,data/images_20260811_070918/seq_150.jpg,Move toward the grey cabinet along the chair
1786396198.133496,sys1,148,4,0.310938,-0.012109,-0.020993,data/images_20260811_070918/seq_148.jpg,data/images_20260811_070918/seq_150.jpg,Move toward the grey cabinet along the chair
1786396198.133496,sys1,148,5,0.371875,-0.017578,0.044404,data/images_20260811_070918/seq_148.jpg,data/images_20260811_070918/seq_150.jpg,Move toward the grey cabinet along the chair
1786396198.133496,sys1,148,6,0.431250,-0.013770,0.095784,data/images_20260811_070918/seq_148.jpg,data/images_20260811_070918/seq_150.jpg,Move toward the grey cabinet along the chair
1786396198.133496,sys1,148,7,0.493750,-0.015430,0.102095,data/images_20260811_070918/seq_148.jpg,data/images_20260811_070918/seq_150.jpg,Move toward the grey cabinet along the chair
1786396198.133496,sys2,148,0,0.171875,0.045313,-0.008333,data/images_20260811_070918/seq_148.jpg,data/images_20260811_070918/seq_148.jpg,Move toward the grey cabinet along the chair
1786396198.133496,sys2,148,1,0.264063,0.019141,-0.011804,data/images_20260811_070918/seq_148.jpg,data/images_20260811_070918/seq_148.jpg,Move toward the grey cabinet along the chair
1786396198.133496,sys2,148,2,0.254688,-0.014063,-0.007987,data/images_20260811_070918/seq_148.jpg,data/images_20260811_070918/seq_148.jpg,Move toward the grey cabinet along the chair
1786396198.133496,sys2,148,3,0.287500,-0.022656,0.040565,data/images_20260811_070918/seq_148.jpg,data/images_20260811_070918/seq_148.jpg,Move toward the grey cabinet along the chair
1786396198.133496,sys2,148,4,0.303125,-0.017090,-0.048095,data/images_20260811_070918/seq_148.jpg,data/images_20260811_070918/seq_148.jpg,Move toward the grey cabinet along the chair
1786396198.133496,sys2,148,5,0.281250,-0.011572,-2.131821,data/images_20260811_070918/seq_148.jpg,data/images_20260811_070918/seq_148.jpg,Move toward the grey cabinet along the chair
1786396198.133496,sys2,148,6,0.260937,-0.025781,-2.935969,data/images_20260811_070918/seq_148.jpg,data/images_20260811_070918/seq_148.jpg,Move toward the grey cabinet along the chair
1786396198.133496,sys2,148,7,0.395313,-0.118750,3.067160,data/images_20260811_070918/seq_148.jpg,data/images_20260811_070918/seq_148.jpg,Move toward the grey cabinet along the chair
1786396199.134455,sys1,153,0,0.059375,-0.010596,-0.033679,data/images_20260811_070918/seq_153.jpg,data/images_20260811_070918/seq_155.jpg,Move toward the grey cabinet along the chair
1786396199.134455,sys1,153,1,0.117188,-0.017383,0.009277,data/images_20260811_070918/seq_153.jpg,data/images_20260811_070918/seq_155.jpg,Move toward the grey cabinet along the chair
1786396199.134455,sys1,153,2,0.180469,-0.016211,0.008972,data/images_20260811_070918/seq_153.jpg,data/images_20260811_070918/seq_155.jpg,Move toward the grey cabinet along the chair
1786396199.134455,sys1,153,3,0.237500,-0.014355,0.001343,data/images_20260811_070918/seq_153.jpg,data/images_20260811_070918/seq_155.jpg,Move toward the grey cabinet along the chair
1786396199.134455,sys1,153,4,0.295313,-0.009082,-0.008911,data/images_20260811_070918/seq_153.jpg,data/images_20260811_070918/seq_155.jpg,Move toward the grey cabinet along the chair
1786396199.134455,sys1,153,5,0.351562,-0.013477,0.066568,data/images_20260811_070918/seq_153.jpg,data/images_20260811_070918/seq_155.jpg,Move toward the grey cabinet along the chair
1786396199.134455,sys1,153,6,0.406250,-0.008545,0.114167,data/images_20260811_070918/seq_153.jpg,data/images_20260811_070918/seq_155.jpg,Move toward the grey cabinet along the chair
1786396199.134455,sys1,153,7,0.462500,-0.010498,0.126293,data/images_20260811_070918/seq_153.jpg,data/images_20260811_070918/seq_155.jpg,Move toward the grey cabinet along the chair
1786396199.134455,sys2,153,0,0.142187,0.034570,-0.033841,data/images_20260811_070918/seq_153.jpg,data/images_20260811_070918/seq_153.jpg,Move toward the grey cabinet along the chair
1786396199.134455,sys2,153,1,0.200000,0.012988,-0.023970,data/images_20260811_070918/seq_153.jpg,data/images_20260811_070918/seq_153.jpg,Move toward the grey cabinet along the chair
1786396199.134455,sys2,153,2,0.212500,-0.007568,0.000302,data/images_20260811_070918/seq_153.jpg,data/images_20260811_070918/seq_153.jpg,Move toward the grey cabinet along the chair
1786396199.134455,sys2,153,3,0.265625,-0.020898,0.103553,data/images_20260811_070918/seq_153.jpg,data/images_20260811_070918/seq_153.jpg,Move toward the grey cabinet along the chair
1786396199.134455,sys2,153,4,0.296875,-0.008105,0.162798,data/images_20260811_070918/seq_153.jpg,data/images_20260811_070918/seq_153.jpg,Move toward the grey cabinet along the chair
1786396199.134455,sys2,153,5,0.262500,0.003003,0.096871,data/images_20260811_070918/seq_153.jpg,data/images_20260811_070918/seq_153.jpg,Move toward the grey cabinet along the chair
1786396199.134455,sys2,153,6,0.265625,0.001379,-3.134838,data/images_20260811_070918/seq_153.jpg,data/images_20260811_070918/seq_153.jpg,Move toward the grey cabinet along the chair
1786396199.134455,sys2,153,7,0.351562,-0.077734,2.816784,data/images_20260811_070918/seq_153.jpg,data/images_20260811_070918/seq_153.jpg,Move toward the grey cabinet along the chair
1786396200.133488,sys1,156,0,0.069922,-0.007422,-0.008240,data/images_20260811_070918/seq_156.jpg,data/images_20260811_070918/seq_157.jpg,Move toward the grey cabinet along the chair
1786396200.133488,sys1,156,1,0.135938,-0.010547,0.010437,data/images_20260811_070918/seq_156.jpg,data/images_20260811_070918/seq_157.jpg,Move toward the grey cabinet along the chair
1786396200.133488,sys1,156,2,0.203125,-0.007031,-0.022945,data/images_20260811_070918/seq_156.jpg,data/images_20260811_070918/seq_157.jpg,Move toward the grey cabinet along the chair
1786396200.133488,sys1,156,3,0.265625,-0.006445,-0.025629,data/images_20260811_070918/seq_156.jpg,data/images_20260811_070918/seq_157.jpg,Move toward the grey cabinet along the chair
1786396200.133488,sys1,156,4,0.328125,-0.002930,-0.036849,data/images_20260811_070918/seq_156.jpg,data/images_20260811_070918/seq_157.jpg,Move toward the grey cabinet along the chair
1786396200.133488,sys1,156,5,0.392188,-0.011035,0.050007,data/images_20260811_070918/seq_156.jpg,data/images_20260811_070918/seq_157.jpg,Move toward the grey cabinet along the chair
1786396200.133488,sys1,156,6,0.453125,-0.008691,0.092383,data/images_20260811_070918/seq_156.jpg,data/images_20260811_070918/seq_157.jpg,Move toward the grey cabinet along the chair
1786396200.133488,sys1,156,7,0.518750,-0.008789,0.117080,data/images_20260811_070918/seq_156.jpg,data/images_20260811_070918/seq_157.jpg,Move toward the grey cabinet along the chair
1786396200.133488,sys2,156,0,0.096094,0.037305,-0.034121,data/images_20260811_070918/seq_156.jpg,data/images_20260811_070918/seq_156.jpg,Move toward the grey cabinet along the chair
1786396200.133488,sys2,156,1,0.212500,0.025586,-0.104669,data/images_20260811_070918/seq_156.jpg,data/images_20260811_070918/seq_156.jpg,Move toward the grey cabinet along the chair
1786396200.133488,sys2,156,2,0.147656,0.006592,0.018265,data/images_20260811_070918/seq_156.jpg,data/images_20260811_070918/seq_156.jpg,Move toward the grey cabinet along the chair
1786396200.133488,sys2,156,3,0.192969,-0.002917,0.066682,data/images_20260811_070918/seq_156.jpg,data/images_20260811_070918/seq_156.jpg,Move toward the grey cabinet along the chair
1786396200.133488,sys2,156,4,0.268750,0.004370,0.062419,data/images_20260811_070918/seq_156.jpg,data/images_20260811_070918/seq_156.jpg,Move toward the grey cabinet along the chair
1786396200.133488,sys2,156,5,0.364063,0.016699,0.036001,data/images_20260811_070918/seq_156.jpg,data/images_20260811_070918/seq_156.jpg,Move toward the grey cabinet along the chair
1786396200.133488,sys2,156,6,0.440625,0.029297,-0.026253,data/images_20260811_070918/seq_156.jpg,data/images_20260811_070918/seq_156.jpg,Move toward the grey cabinet along the chair
1786396200.133488,sys2,156,7,0.471875,-0.035156,0.740983,data/images_20260811_070918/seq_156.jpg,data/images_20260811_070918/seq_156.jpg,Move toward the grey cabinet along the chair
1786396201.133528,sys1,161,0,0.072266,-0.002307,-0.020993,data/images_20260811_070918/seq_161.jpg,data/images_20260811_070918/seq_163.jpg,Move toward the grey cabinet along the chair
1786396201.133528,sys1,161,1,0.142187,-0.002783,-0.018553,data/images_20260811_070918/seq_161.jpg,data/images_20260811_070918/seq_163.jpg,Move toward the grey cabinet along the chair
1786396201.133528,sys1,161,2,0.217188,0.002466,-0.038799,data/images_20260811_070918/seq_161.jpg,data/images_20260811_070918/seq_163.jpg,Move toward the grey cabinet along the chair
1786396201.133528,sys1,161,3,0.284375,0.005273,-0.045135,data/images_20260811_070918/seq_161.jpg,data/images_20260811_070918/seq_163.jpg,Move toward the grey cabinet along the chair
1786396201.133528,sys1,161,4,0.351562,0.009277,0.000000,data/images_20260811_070918/seq_161.jpg,data/images_20260811_070918/seq_163.jpg,Move toward the grey cabinet along the chair
1786396201.133528,sys1,161,5,0.418750,0.004834,0.099183,data/images_20260811_070918/seq_161.jpg,data/images_20260811_070918/seq_163.jpg,Move toward the grey cabinet along the chair
1786396201.133528,sys1,161,6,0.481250,0.007324,0.115624,data/images_20260811_070918/seq_161.jpg,data/images_20260811_070918/seq_163.jpg,Move toward the grey cabinet along the chair
1786396201.133528,sys1,161,7,0.550000,0.009180,0.117080,data/images_20260811_070918/seq_161.jpg,data/images_20260811_070918/seq_163.jpg,Move toward the grey cabinet along the chair
1786396201.133528,sys2,161,0,0.200000,0.042773,0.005334,data/images_20260811_070918/seq_161.jpg,data/images_20260811_070918/seq_161.jpg,Move toward the grey cabinet along the chair
1786396201.133528,sys2,161,1,0.203125,0.016211,-0.035837,data/images_20260811_070918/seq_161.jpg,data/images_20260811_070918/seq_161.jpg,Move toward the grey cabinet along the chair
1786396201.133528,sys2,161,2,0.235938,-0.002893,-0.054373,data/images_20260811_070918/seq_161.jpg,data/images_20260811_070918/seq_161.jpg,Move toward the grey cabinet along the chair
1786396201.133528,sys2,161,3,0.304688,-0.026172,-0.088790,data/images_20260811_070918/seq_161.jpg,data/images_20260811_070918/seq_161.jpg,Move toward the grey cabinet along the chair
1786396201.133528,sys2,161,4,0.306250,-0.024609,-0.087678,data/images_20260811_070918/seq_161.jpg,data/images_20260811_070918/seq_161.jpg,Move toward the grey cabinet along the chair
1786396201.133528,sys2,161,5,0.309375,-0.028320,-0.167270,data/images_20260811_070918/seq_161.jpg,data/images_20260811_070918/seq_161.jpg,Move toward the grey cabinet along the chair
1786396201.133528,sys2,161,6,0.329688,-0.024707,-0.130560,data/images_20260811_070918/seq_161.jpg,data/images_20260811_070918/seq_161.jpg,Move toward the grey cabinet along the chair
1786396201.133528,sys2,161,7,0.509375,0.013965,-0.915101,data/images_20260811_070918/seq_161.jpg,data/images_20260811_070918/seq_161.jpg,Move toward the grey cabinet along the chair
